INSERT INTO ADMIN (ADMIN_ID, NEV, JELSZO, E_MAIL) VALUES (1, 'admin', 'admin', 'admin@gmail.com');
INSERT INTO ADMIN (ADMIN_ID, NEV, JELSZO, E_MAIL) VALUES (2, 'admin2', 'admin2', 'admin2@gmail.com');
INSERT INTO ADMIN (ADMIN_ID, NEV, JELSZO, E_MAIL) VALUES (3, 'admin3', 'admin3', 'admin3@gmail.com');
INSERT INTO ADMIN (ADMIN_ID, NEV, JELSZO, E_MAIL) VALUES (4, 'admin4', 'admin4', 'admin4@gmail.com');
INSERT INTO ADMIN (ADMIN_ID, NEV, JELSZO, E_MAIL) VALUES (5, 'admin5', 'admin5', 'admin5@gmail.com');
INSERT INTO ADMIN (ADMIN_ID, NEV, JELSZO, E_MAIL) VALUES (6, 'admin6', 'admin6', 'admin6@gmail.com');
INSERT INTO ADMIN (ADMIN_ID, NEV, JELSZO, E_MAIL) VALUES (7, 'admin7', 'admin7', 'admin7@gmail.com');
INSERT INTO ADMIN (ADMIN_ID, NEV, JELSZO, E_MAIL) VALUES (8, 'admin8', 'admin8', 'admin8@gmail.com');
INSERT INTO ADMIN (ADMIN_ID, NEV, JELSZO, E_MAIL) VALUES (9, 'admin9', 'admin9', 'admin9@gmail.com');
INSERT INTO ADMIN (ADMIN_ID, NEV, JELSZO, E_MAIL) VALUES (10, 'admin10', 'admin10', 'admin10@gmail.com');
INSERT INTO ADMIN (ADMIN_ID, NEV, JELSZO, E_MAIL) VALUES (11, 'admin11', 'admin11', 'admin11@gmail.com');
INSERT INTO ADMIN (ADMIN_ID, NEV, JELSZO, E_MAIL) VALUES (12, 'admin12', 'admin12', 'admin12@gmail.com');
INSERT INTO ADMIN (ADMIN_ID, NEV, JELSZO, E_MAIL) VALUES (13, 'admin13', 'admin13', 'admin13@gmail.com');
INSERT INTO ADMIN (ADMIN_ID, NEV, JELSZO, E_MAIL) VALUES (14, 'admin14', 'admin14', 'admin14@gmail.com');
INSERT INTO ADMIN (ADMIN_ID, NEV, JELSZO, E_MAIL) VALUES (15, 'admin15', 'admin15', 'admin15@gmail.com');
INSERT INTO ADMIN (ADMIN_ID, NEV, JELSZO, E_MAIL) VALUES (16, 'admin16', 'admin16', 'admin16@gmail.com');
INSERT INTO ADMIN (ADMIN_ID, NEV, JELSZO, E_MAIL) VALUES (17, 'admin17', 'admin17', 'admin17@gmail.com');
INSERT INTO ADMIN (ADMIN_ID, NEV, JELSZO, E_MAIL) VALUES (18, 'admin18', 'admin18', 'admin18@gmail.com');
INSERT INTO ADMIN (ADMIN_ID, NEV, JELSZO, E_MAIL) VALUES (19, 'admin19', 'admin19', 'admin19@gmail.com');
INSERT INTO ADMIN (ADMIN_ID, NEV, JELSZO, E_MAIL) VALUES (20, 'admin20', 'admin20', 'admin20@gmail.com');
INSERT INTO FELHASZNALO (NEV, JELSZO, E_MAIL, TELEFONSZAM, ADMIN_ID) VALUES ('Nagy Zsuzsanna','jel1' , 'nzsuzsanna@gmail.com', 36708888888, 1);
INSERT INTO FELHASZNALO (NEV, JELSZO, E_MAIL, TELEFONSZAM, ADMIN_ID) VALUES ('Hajdu Mira','jel2' , 'armin74@yahoo.com',36704444444 , 1);
INSERT INTO FELHASZNALO (NEV, JELSZO, E_MAIL, TELEFONSZAM, ADMIN_ID) VALUES ('Király Emőke','jel3' , 'dszalai@gmail.com', 36705566778, 1);
INSERT INTO FELHASZNALO (NEV, JELSZO, E_MAIL, TELEFONSZAM, ADMIN_ID) VALUES ('Balázs Szabina','jel4' , 'soma89@gmail.com', 36708844556, 1);
INSERT INTO FELHASZNALO (NEV, JELSZO, E_MAIL, TELEFONSZAM, ADMIN_ID) VALUES ('Varga Liza','jel5' , 'patrik63@gmail.com', 36702233556, 1);
INSERT INTO FELHASZNALO (NEV, JELSZO, E_MAIL, TELEFONSZAM, ADMIN_ID) VALUES ('Varga Richárd','jel6' , 'angela14@gmail.com',36705544221 , 1);
INSERT INTO FELHASZNALO (NEV, JELSZO, E_MAIL, TELEFONSZAM, ADMIN_ID) VALUES ('Kocsis Boróka','jel7' , 'ukiss@gmail.com',36705522116 , 1);
INSERT INTO FELHASZNALO (NEV, JELSZO, E_MAIL, TELEFONSZAM, ADMIN_ID) VALUES ('Novák Mia','jel8' , 'flora92@gmail.com', 36705566884, 1);
INSERT INTO FELHASZNALO (NEV, JELSZO, E_MAIL, TELEFONSZAM, ADMIN_ID) VALUES ('Kis Izabella','jel9' , 'zeteny74@gmail.com', 36302211445, 1);
INSERT INTO FELHASZNALO (NEV, JELSZO, E_MAIL, TELEFONSZAM, ADMIN_ID) VALUES ('Deák Jázmin','jel10' , 'horvath@gmail.com', 36204455775, 1);
INSERT INTO FELHASZNALO (NEV, JELSZO, E_MAIL, TELEFONSZAM, ADMIN_ID) VALUES ('Székely János','jel11' , 'janos14@gmail.com', 36204488997, 1);
INSERT INTO FELHASZNALO (NEV, JELSZO, E_MAIL, TELEFONSZAM, ADMIN_ID) VALUES ('Török Evelin','jel12' , 'evelinok@gmail.com', 36302233669, 1);
INSERT INTO FELHASZNALO (NEV, JELSZO, E_MAIL, TELEFONSZAM, ADMIN_ID) VALUES ('László Olivér','jel13' , 'balla.gitta@gmail.com', 36302255669, 1);
INSERT INTO FELHASZNALO (NEV, JELSZO, E_MAIL, TELEFONSZAM, ADMIN_ID) VALUES ('Pintér Ernő','jel14' , 'kata44@gmail.com', 36201122559, 1);
INSERT INTO FELHASZNALO (NEV, JELSZO, E_MAIL, TELEFONSZAM, ADMIN_ID) VALUES ('Németh Julianna','jel15' , 'gbudai@gmail.com', 36302255778, 1);
INSERT INTO FELHASZNALO (NEV, JELSZO, E_MAIL, TELEFONSZAM, ADMIN_ID) VALUES ('Pintér Henriett','jel16' , 'henrieer45@gmail.com', 36304411556, 1);
INSERT INTO FELHASZNALO (NEV, JELSZO, E_MAIL, TELEFONSZAM, ADMIN_ID) VALUES ('Barna Szervác','jel17' , 'szabina91@gmail.com', 36301122334, 1);
INSERT INTO FELHASZNALO (NEV, JELSZO, E_MAIL, TELEFONSZAM, ADMIN_ID) VALUES ('Balogh balázs','jel18' , 'zsoka.pasztor@gmail.com',36301122554 , 1);
INSERT INTO FELHASZNALO (NEV, JELSZO, E_MAIL, TELEFONSZAM, ADMIN_ID) VALUES ('Bogdán Bence','jel19' , 'varga.katinka@gmail.com', 36302211558, 1);
INSERT INTO FELHASZNALO (NEV, JELSZO, E_MAIL, TELEFONSZAM, ADMIN_ID) VALUES ('Szűcs Jázmin','jel20' , 'farkas50@gmail.com', 36302211558, 1);
INSERT INTO LEGITARSASAG (NEV, ORSZAG, FLOTTA, ADMIN_ID) VALUES ('Aeroflot' ,'Németország' ,'Belföld' ,2 );
INSERT INTO LEGITARSASAG (NEV, ORSZAG, FLOTTA, ADMIN_ID) VALUES ('Alitalia' ,'USA' ,'Belföld' ,2 );
INSERT INTO LEGITARSASAG (NEV, ORSZAG, FLOTTA, ADMIN_ID) VALUES ('Belavia' ,'USA' ,'Belföld' ,2 );
INSERT INTO LEGITARSASAG (NEV, ORSZAG, FLOTTA, ADMIN_ID) VALUES ('Easyjet' ,'USA' ,'Belföld' ,2 );
INSERT INTO LEGITARSASAG (NEV, ORSZAG, FLOTTA, ADMIN_ID) VALUES ('Egyptair' ,'Egyiptom' ,'Nemzetközi' , 2);
INSERT INTO LEGITARSASAG (NEV, ORSZAG, FLOTTA, ADMIN_ID) VALUES ('Finnair' ,'Finnország' ,'Nemzetközi' , 2);
INSERT INTO LEGITARSASAG (NEV, ORSZAG, FLOTTA, ADMIN_ID) VALUES ('Germanwings' ,'Németország' ,'Belföldi' , 2);
INSERT INTO LEGITARSASAG (NEV, ORSZAG, FLOTTA, ADMIN_ID) VALUES ('Jet2' ,'USA' ,'Nemzetközi' , 2);
INSERT INTO LEGITARSASAG (NEV, ORSZAG, FLOTTA, ADMIN_ID) VALUES ('Lufthansa' ,'Németország' ,'Nemzetközi' , 2);
INSERT INTO LEGITARSASAG (NEV, ORSZAG, FLOTTA, ADMIN_ID) VALUES ('Moldavian Airlines' ,'Moldova' ,'Belföld' , 2);
INSERT INTO LEGITARSASAG (NEV, ORSZAG, FLOTTA, ADMIN_ID) VALUES ('Norwegian Air Shuttle' ,'Norvégia' ,'Belföld' ,2 );
INSERT INTO LEGITARSASAG (NEV, ORSZAG, FLOTTA, ADMIN_ID) VALUES ('Qatar Airways' ,'Qatar' ,'Nemzetközi' , 2);
INSERT INTO LEGITARSASAG (NEV, ORSZAG, FLOTTA, ADMIN_ID) VALUES ('Ryanair' ,'Szaud-arábia' ,'Nemzetközi' ,2 );
INSERT INTO LEGITARSASAG (NEV, ORSZAG, FLOTTA, ADMIN_ID) VALUES ('Sky Work' ,'USA' ,'Nemzetközi' , 2);
INSERT INTO LEGITARSASAG (NEV, ORSZAG, FLOTTA, ADMIN_ID) VALUES ('Swiss International Air Lines' ,'Svédország' ,'Nemzetközi' , 2);
INSERT INTO LEGITARSASAG (NEV, ORSZAG, FLOTTA, ADMIN_ID) VALUES ('TAP Portugal' ,'Portugália' ,'Belföld' , 2);
INSERT INTO LEGITARSASAG (NEV, ORSZAG, FLOTTA, ADMIN_ID) VALUES ('Tarom Romanian Air Trannsport' ,'Románia' ,'Nemzetközi' ,2 );
INSERT INTO LEGITARSASAG (NEV, ORSZAG, FLOTTA, ADMIN_ID) VALUES ('Transavia' ,'Románia' ,'Belföld' ,2 );
INSERT INTO LEGITARSASAG (NEV, ORSZAG, FLOTTA, ADMIN_ID) VALUES ('Utair' ,'Uganda' ,'Belföld' , 2);
INSERT INTO LEGITARSASAG (NEV, ORSZAG, FLOTTA, ADMIN_ID) VALUES ('Wizz Air' ,'Németország' ,'Nemzetközi' ,2 );
INSERT INTO LEGITARSASAG (NEV, ORSZAG, FLOTTA, ADMIN_ID) VALUES ('Malév' ,'Magyarország' ,'Viktor' , 2);
INSERT INTO SZALLODA (NEV, VAROS, CIM, SZOBA_FEROHELYEK_SZAMA, AR, ADMIN_ID) VALUES ('Arcadia hotel','Szeged','Bajai way 10' ,50 , 5000 ,3 );
INSERT INTO SZALLODA (NEV, VAROS, CIM, SZOBA_FEROHELYEK_SZAMA, AR, ADMIN_ID) VALUES ('Aria hotel','Kijev', 'Long street 10',40 , 87000, 3);
INSERT INTO SZALLODA (NEV, VAROS, CIM, SZOBA_FEROHELYEK_SZAMA, AR, ADMIN_ID) VALUES ('Baross hotel','Budapest', 'Hősök way 10',35 , 10000, 3);
INSERT INTO SZALLODA (NEV, VAROS, CIM, SZOBA_FEROHELYEK_SZAMA, AR, ADMIN_ID) VALUES ('Central hotel','Moszkva', 'Central park street 10',20 , 9877,3 );
INSERT INTO SZALLODA (NEV, VAROS, CIM, SZOBA_FEROHELYEK_SZAMA, AR, ADMIN_ID) VALUES ('Corvin hotel','München', 'Corvin street 10',10 , 12540, 3);
INSERT INTO SZALLODA (NEV, VAROS, CIM, SZOBA_FEROHELYEK_SZAMA, AR, ADMIN_ID) VALUES ('D8 hotel','Bukarest', 'Big steet 10',5 , 21345, 3);
INSERT INTO SZALLODA (NEV, VAROS, CIM, SZOBA_FEROHELYEK_SZAMA, AR, ADMIN_ID) VALUES ('Danubius hotel','Athén', 'Manor Road 10',1 , 5467, 3);
INSERT INTO SZALLODA (NEV, VAROS, CIM, SZOBA_FEROHELYEK_SZAMA, AR, ADMIN_ID) VALUES ('Dormero hotel','Ankara', 'The Crescent street 201', 42, 6870,3 );
INSERT INTO SZALLODA (NEV, VAROS, CIM, SZOBA_FEROHELYEK_SZAMA, AR, ADMIN_ID) VALUES ('Downtown hotel','Bécs', 'Kingsway 10', 53 , 9855, 3);
INSERT INTO SZALLODA (NEV, VAROS, CIM, SZOBA_FEROHELYEK_SZAMA, AR, ADMIN_ID) VALUES ('Gozsdu hotel','Prága', 'The Green 15',29 , 4568, 3);
INSERT INTO SZALLODA (NEV, VAROS, CIM, SZOBA_FEROHELYEK_SZAMA, AR, ADMIN_ID) VALUES ('Grand hotel','Kairó', 'Bukarest Church Street 15' ,0 , 12560, 3);
INSERT INTO SZALLODA (NEV, VAROS, CIM, SZOBA_FEROHELYEK_SZAMA, AR, ADMIN_ID) VALUES ('H2 hotel','Róma', 'Park Lane 15',71 , 9878, 3);
INSERT INTO SZALLODA (NEV, VAROS, CIM, SZOBA_FEROHELYEK_SZAMA, AR, ADMIN_ID) VALUES ('Hilton hotel','Dublin', 'New Street 15',24 , 7588, 3);
INSERT INTO SZALLODA (NEV, VAROS, CIM, SZOBA_FEROHELYEK_SZAMA, AR, ADMIN_ID) VALUES ('Ibis hotel','Jakarta', 'Stanley Road 56',38 ,4588 , 3);
INSERT INTO SZALLODA (NEV, VAROS, CIM, SZOBA_FEROHELYEK_SZAMA, AR, ADMIN_ID) VALUES ('Kempinski hotel','Ontario', 'Grove Road 1',13 , 12000, 3);
INSERT INTO SZALLODA (NEV, VAROS, CIM, SZOBA_FEROHELYEK_SZAMA, AR, ADMIN_ID) VALUES ('Medos hotel','Moszkva', 'Mill Road 41',3 , 4568, 3);
INSERT INTO SZALLODA (NEV, VAROS, CIM, SZOBA_FEROHELYEK_SZAMA, AR, ADMIN_ID) VALUES ('Mercure hotel','London', 'Richmond Road 97',37 , 9878, 3);
INSERT INTO SZALLODA (NEV, VAROS, CIM, SZOBA_FEROHELYEK_SZAMA, AR, ADMIN_ID) VALUES ('Novotel hotel','Islip', 'Station Road 15',26 , 4550, 3);
INSERT INTO SZALLODA (NEV, VAROS, CIM, SZOBA_FEROHELYEK_SZAMA, AR, ADMIN_ID) VALUES ('Soho hotel','Bécs', 'Grange Road 45',47 , 7500, 3);
INSERT INTO SZALLODA (NEV, VAROS, CIM, SZOBA_FEROHELYEK_SZAMA, AR, ADMIN_ID) VALUES ('Silver hotel','Washington', 'Park Avenue 87',17 , 5500 , 3);
INSERT INTO SZALLODA (NEV, VAROS, CIM, SZOBA_FEROHELYEK_SZAMA, AR, ADMIN_ID) VALUES ('Star hotel','Szeged', 'Szeged Queensway 15',6 , 15000, 3);
INSERT INTO BIZTOSITO (NEV, LEIRAS) VALUES ( 'Allianz' , 'Az Allianz egy globális biztosítótársaság több mint 100 éves tapasztalattal a háta mögött. Széles körű biztosítási termékeket kínálnak, ideértve az élet-, egészség- és vagyonbiztosítást is. Az ügyfélközpontú szolgáltatásukra és az egyedi biztosítási megoldásokra való elkötelezettségükre büszkék.');
INSERT INTO BIZTOSITO (NEV, LEIRAS) VALUES ( 'Assistravel' , 'Az Assistravel egy utazási biztosítási társaság, amely szakosodott az utazók biztosítására. Különböző terveket kínálnak az egyedi igényeknek megfelelően, beleértve az egészségügyi, vagyonvédelmi és utazásmegszakítási biztosítást is.');
INSERT INTO BIZTOSITO (NEV, LEIRAS) VALUES ( 'Atlas' , 'Az Atlas egy nemzetközi biztosító, amely a vagyonbiztosításban és a kockázatkezelésben jártas. Céljuk az ügyfeleknek a lehető legjobb védelmet és szolgáltatást biztosítani, legyen szó akár egyéni, akár vállalati igényekről.');
INSERT INTO BIZTOSITO (NEV, LEIRAS) VALUES ( 'Axa' , 'Az Axa egy globális biztosítótársaság, amely a személyes és vállalati biztosítások széles skáláját kínálja, beleértve az egészség-, élet-, vagyon- és gépjárműbiztosítást is. Az Axa célja, hogy az ügyfeleknek a lehető legjobb biztonságot és bizalmat nyújtsa.');
INSERT INTO BIZTOSITO (NEV, LEIRAS) VALUES ( 'Cardif' , 'A Cardif egy pénzügyi biztosító, amely a lakásbiztosítás, az életbiztosítás és az egészségügyi biztosítás területén tevékenykedik. Az ügyfeleknek az egyedi igényeiknek megfelelő biztosítási megoldásokat kínálnak.');
INSERT INTO BIZTOSITO (NEV, LEIRAS) VALUES ( 'Cherrisk' ,'A Cherrisk egy online biztosítótársaság, amely az autó- és lakásbiztosítások széles skáláját kínálja. Az ügyfeleknek a lehető legjobb ár-érték arányú biztosítási megoldásokat kínálnak, amelyek könnyen kezelhetők az online felületen.');
INSERT INTO BIZTOSITO (NEV, LEIRAS) VALUES ( 'Clb' , 'A CLB egy hazai biztosítótársaság, amely az egészség- és életbiztosítások területén tevékenykedik. Az ügyfeleknek széles skálájú biztosítási megoldásokat kínálnak, amelyek magas minőségi színvonalon és megfizethető áron elérhetőek. Az ügyfélközpontú szolgáltatásra való elkötelezettségükkel igyekeznek biztosítani, hogy az ügyfelek mindig elégedettek legyenek.');
INSERT INTO BIZTOSITO (NEV, LEIRAS) VALUES ( 'Colonnade' ,'A Colonnade egy nemzetközi biztosítótársaság, amely az autó-, egészségügyi és vagyonbiztosítások területén kínál széles skálájú termékeket. Az ügyfeleknek a lehető legjobb biztosítási megoldásokat és a legmagasabb szintű ügyfélszolgálatot kínálják.');
INSERT INTO BIZTOSITO (NEV, LEIRAS) VALUES ( 'Genertel' , 'A Genertel egy olasz biztosítótársaság, amely az autó-, lakás- és életbiztosítások területén tevékenykedik. Az ügyfeleknek az egyszerű és gyors biztosítási megoldásokat kínálják, amelyek segítenek biztonságban tartani őket és szeretteiket.');
INSERT INTO BIZTOSITO (NEV, LEIRAS) VALUES ( 'Insura' ,'Az Insura egy magyar biztosítótársaság, amely az egészség-, gépjármű-, vagyon- és felelősségbiztosítások területén tevékenykedik. Az ügyfeleknek a lehető legjobb biztosítási megoldásokat és az egyedi igényekre szabott szolgáltatásokat kínálják.');
INSERT INTO BIZTOSITO (NEV, LEIRAS) VALUES ( 'Kobe' ,'A Kobe egy nemzetközi biztosítótársaság, amely a felelősségbiztosítások területén tevékenykedik. Az ügyfeleknek széles skálájú biztosítási megoldásokat kínálnak, amelyek magas minőségűek és megfizethetőek.');
INSERT INTO BIZTOSITO (NEV, LEIRAS) VALUES ( 'Mabis' ,'A Mabis egy hazai biztosítótársaság, amely az egészség-, lakás-, és utasbiztosítások területén tevékenykedik. Az ügyfeleknek széles skálájú biztosítási megoldásokat és a legmagasabb szintű ügyfélszolgálatot kínálják.');
INSERT INTO BIZTOSITO (NEV, LEIRAS) VALUES ( 'Mondial' ,'A Mondial egy nemzetközi biztosítótársaság, amely az utasbiztosítások területén tevékenykedik. Az ügyfeleknek a lehető legjobb biztonságot és védelmet kínálják az utazásaik során.');
INSERT INTO BIZTOSITO (NEV, LEIRAS) VALUES ( 'Netrisk' ,'A Netrisk egy online biztosítótársaság, amely az autó-, lakás- és utasbiztosítások területén kínál széles skálájú termékeket. Az ügyfeleknek a lehető legjobb biztosítási megoldásokat és az egyszerű, gyors online kötési lehetőséget kínálják.');
INSERT INTO BIZTOSITO (NEV, LEIRAS) VALUES ( 'Pannonia' , 'A Pannonia egy hazai biztosítótársaság, amely a személyi biztosítások területén tevékenykedik. Az ügyfeleknek a lehető legjobb biztosítási megoldásokat és a legmagasabb szintű ügyfélszolgálatot kínálják.');
INSERT INTO BIZTOSITO (NEV, LEIRAS) VALUES ( 'Signal' , 'A Signal egy nemzetközi biztosítótársaság, amely az autó-, egészségügyi és vagyonbiztosítások területén kínál széles skálájú termékeket. Az ügyfeleknek a lehető legjobb biztosítási megoldásokat és az egyszerű, átlátható biztosításkötési lehetőséget kínálják.');
INSERT INTO BIZTOSITO (NEV, LEIRAS) VALUES ( 'union' , 'A Union egy hazai biztosítótársaság, amely a vagyon-, élet- és egészségbiztosítások területén tevékenykedik. Az ügyfeleknek az egyedi igényeknek megfelelő biztosítási megoldásokat és a legmagasabb szintű ügyfélszolgálatot kínálják.');
INSERT INTO BIZTOSITO (NEV, LEIRAS) VALUES ( 'Uniqa' , 'A Uniqa egy nemzetközi biztosítótársaság, amely az autó-, egészségügyi és lakásbiztosítások területén tevékenykedik. Az ügyfeleknek a lehető legjobb biztosítási megoldásokat és a legmagasabb szintű ügyfélszolgálatot kínálják.');
INSERT INTO BIZTOSITO (NEV, LEIRAS) VALUES ( 'Waberer' , 'A Waberer egy hazai biztosítótársaság, amely az autó-, egészség- és vagyonbiztosítások területén kínál széles skálájú termékeket. Az ügyfeleknek az egyedi igényeknek megfelelő biztosítási megoldásokat és a legmagasabb szintű ügyfélszolgálatot kínálják.' );
INSERT INTO BIZTOSITO (NEV, LEIRAS) VALUES ( 'Zapmeta' , 'A Zapmeta egy nemzetközi biztosítótársaság, amely az autó-, egészségügyi és lakásbiztosítások területén tevékenykedik. Az ügyfeleknek a lehető legjobb biztosítási megoldásokat és az online biztosításkötési lehetőséget kínálják.' );
INSERT INTO BIZTOSITASI_CSOMAG (FAJTAK, AR, BIZTOSITO_KOD) VALUES ('Utas' , 15000, 1);
INSERT INTO BIZTOSITASI_CSOMAG (FAJTAK, AR, BIZTOSITO_KOD) VALUES ('Érték' , 15000, 1 );
INSERT INTO BIZTOSITASI_CSOMAG (FAJTAK, AR, BIZTOSITO_KOD) VALUES ('Utas' , 15687,2 );
INSERT INTO BIZTOSITASI_CSOMAG (FAJTAK, AR, BIZTOSITO_KOD) VALUES ('Érték' , 13457 ,2);
INSERT INTO BIZTOSITASI_CSOMAG (FAJTAK, AR, BIZTOSITO_KOD) VALUES ('Utas' , 12354 ,3);
INSERT INTO BIZTOSITASI_CSOMAG (FAJTAK, AR, BIZTOSITO_KOD) VALUES ('Érték' , 11545 ,3);
INSERT INTO BIZTOSITASI_CSOMAG (FAJTAK, AR, BIZTOSITO_KOD) VALUES ('Utas' , 12345 ,4);
INSERT INTO BIZTOSITASI_CSOMAG (FAJTAK, AR, BIZTOSITO_KOD) VALUES ('Érték' , 11284 ,4);
INSERT INTO BIZTOSITASI_CSOMAG (FAJTAK, AR, BIZTOSITO_KOD) VALUES ('Utas' , 12547 ,5);
INSERT INTO BIZTOSITASI_CSOMAG (FAJTAK, AR, BIZTOSITO_KOD) VALUES ('Érték' , 12345 ,5);
INSERT INTO BIZTOSITASI_CSOMAG (FAJTAK, AR, BIZTOSITO_KOD) VALUES ('Utas' , 12453,6 );
INSERT INTO BIZTOSITASI_CSOMAG (FAJTAK, AR, BIZTOSITO_KOD) VALUES ('Érték' , 12345,6 );
INSERT INTO BIZTOSITASI_CSOMAG (FAJTAK, AR, BIZTOSITO_KOD) VALUES ('Utas' , 15678 ,7);
INSERT INTO BIZTOSITASI_CSOMAG (FAJTAK, AR, BIZTOSITO_KOD) VALUES ('Érték' , 11245 ,7);
INSERT INTO BIZTOSITASI_CSOMAG (FAJTAK, AR, BIZTOSITO_KOD) VALUES ('Utas' , 11246 ,8);
INSERT INTO BIZTOSITASI_CSOMAG (FAJTAK, AR, BIZTOSITO_KOD) VALUES ('Érték' , 12485 ,8);
INSERT INTO BIZTOSITASI_CSOMAG (FAJTAK, AR, BIZTOSITO_KOD) VALUES ('Utas' , 14587 ,9);
INSERT INTO BIZTOSITASI_CSOMAG (FAJTAK, AR, BIZTOSITO_KOD) VALUES ('Érték' , 12456 ,9);
INSERT INTO BIZTOSITASI_CSOMAG (FAJTAK, AR, BIZTOSITO_KOD) VALUES ('Utas' , 12345 ,10);
INSERT INTO BIZTOSITASI_CSOMAG (FAJTAK, AR, BIZTOSITO_KOD) VALUES ('Érték' , 11245 ,10);
INSERT INTO BIZTOSITASI_CSOMAG (FAJTAK, AR, BIZTOSITO_KOD) VALUES ('Utas' ,12233  ,11);
INSERT INTO BIZTOSITASI_CSOMAG (FAJTAK, AR, BIZTOSITO_KOD) VALUES ('Érték' , 12555 ,12);
INSERT INTO BIZTOSITASI_CSOMAG (FAJTAK, AR, BIZTOSITO_KOD) VALUES ('Utas' , 11334 ,13);
INSERT INTO BIZTOSITASI_CSOMAG (FAJTAK, AR, BIZTOSITO_KOD) VALUES ('Érték' , 15487 ,13);
INSERT INTO BIZTOSITASI_CSOMAG (FAJTAK, AR, BIZTOSITO_KOD) VALUES ('Baleset' , 10720 ,14);
INSERT INTO BIZTOSITASI_CSOMAG (FAJTAK, AR, BIZTOSITO_KOD) VALUES ('Baleset' , 14982 ,1);
INSERT INTO BIZTOSITASI_CSOMAG (FAJTAK, AR, BIZTOSITO_KOD) VALUES ('Baleset' ,12163  ,16);
INSERT INTO BIZTOSITASI_CSOMAG (FAJTAK, AR, BIZTOSITO_KOD) VALUES ('Baleset' , 16962 ,5);
INSERT INTO BIZTOSITASI_CSOMAG (FAJTAK, AR, BIZTOSITO_KOD) VALUES ('Baleset' , 9152 ,9);
INSERT INTO BIZTOSITASI_CSOMAG (FAJTAK, AR, BIZTOSITO_KOD) VALUES ('Baleset' , 11805 ,17);

INSERT INTO REPULOJARAT (INDULASI_VAROS, ERKEZESI_VAROS, INDULASI_IDOPONT, ERKEZESI_IDOPONT, ULESEK_SZAMA, UTASOK_SZAMA, ADMIN_ID, LEGITARSASAG_KOD) VALUES ('Budapest','München',TO_DATE( '04/06/2023 13:35', 'DD/MM/YYYY HH24:MI'),TO_DATE( '04/06/2023 18:35', 'DD/MM/YYYY HH24:MI'),100,10,4,1);
INSERT INTO REPULOJARAT (INDULASI_VAROS, ERKEZESI_VAROS, INDULASI_IDOPONT, ERKEZESI_IDOPONT, ULESEK_SZAMA, UTASOK_SZAMA, ADMIN_ID, LEGITARSASAG_KOD) VALUES ('Ankara','Moszkva',TO_DATE( '11/06/2023 14:21', 'DD/MM/YYYY HH24:MI'),TO_DATE( '11/06/2023 16:43', 'DD/MM/YYYY HH24:MI'),100,20,4,2);
INSERT INTO REPULOJARAT (INDULASI_VAROS, ERKEZESI_VAROS, INDULASI_IDOPONT, ERKEZESI_IDOPONT, ULESEK_SZAMA, UTASOK_SZAMA, ADMIN_ID, LEGITARSASAG_KOD) VALUES ('Athén','Kairó',TO_DATE( '20/06/2023 13:30', 'DD/MM/YYYY HH24:MI'),TO_DATE( '20/06/2023 15:17', 'DD/MM/YYYY HH24:MI'),100,30,4,3);
INSERT INTO REPULOJARAT (INDULASI_VAROS, ERKEZESI_VAROS, INDULASI_IDOPONT, ERKEZESI_IDOPONT, ULESEK_SZAMA, UTASOK_SZAMA, ADMIN_ID, LEGITARSASAG_KOD) VALUES ('Pozsony','München',TO_DATE( '12/06/2023 17:45', 'DD/MM/YYYY HH24:MI'),TO_DATE( '12/06/2023 16:55', 'DD/MM/YYYY HH24:MI'),100,40,4,4);
INSERT INTO REPULOJARAT (INDULASI_VAROS, ERKEZESI_VAROS, INDULASI_IDOPONT, ERKEZESI_IDOPONT, ULESEK_SZAMA, UTASOK_SZAMA, ADMIN_ID, LEGITARSASAG_KOD) VALUES ('München','London',TO_DATE( '12/06/2023 17:25', 'DD/MM/YYYY HH24:MI'),TO_DATE( '12/06/2023 20:45', 'DD/MM/YYYY HH24:MI'),100,50,4,5);
INSERT INTO REPULOJARAT (INDULASI_VAROS, ERKEZESI_VAROS, INDULASI_IDOPONT, ERKEZESI_IDOPONT, ULESEK_SZAMA, UTASOK_SZAMA, ADMIN_ID, LEGITARSASAG_KOD) VALUES ('Szeged','Washington',TO_DATE( '05/07/2023 18:28', 'DD/MM/YYYY HH24:MI'),TO_DATE( '05/07/2023 23:55', 'DD/MM/YYYY HH24:MI'),100,60,4,6);
INSERT INTO REPULOJARAT (INDULASI_VAROS, ERKEZESI_VAROS, INDULASI_IDOPONT, ERKEZESI_IDOPONT, ULESEK_SZAMA, UTASOK_SZAMA, ADMIN_ID, LEGITARSASAG_KOD) VALUES ('Jakarta','Dublin',TO_DATE( '20/07/2023 08:33', 'DD/MM/YYYY HH24:MI'),TO_DATE( '20/07/2023 12:30', 'DD/MM/YYYY HH24:MI'),100,70,4,7);
INSERT INTO REPULOJARAT (INDULASI_VAROS, ERKEZESI_VAROS, INDULASI_IDOPONT, ERKEZESI_IDOPONT, ULESEK_SZAMA, UTASOK_SZAMA, ADMIN_ID, LEGITARSASAG_KOD) VALUES ('Kijev','Szeged',TO_DATE( '05/07/2023 16:44', 'DD/MM/YYYY HH24:MI'),TO_DATE( '05/07/2023 18:13', 'DD/MM/YYYY HH24:MI'),100,80,4,8);
INSERT INTO REPULOJARAT (INDULASI_VAROS, ERKEZESI_VAROS, INDULASI_IDOPONT, ERKEZESI_IDOPONT, ULESEK_SZAMA, UTASOK_SZAMA, ADMIN_ID, LEGITARSASAG_KOD) VALUES ('Moszkva','Kijev',TO_DATE( '11/06/2023 17:14', 'DD/MM/YYYY HH24:MI'),TO_DATE( '11/06/2023 18:24', 'DD/MM/YYYY HH24:MI'),100,90,4,9);
INSERT INTO REPULOJARAT (INDULASI_VAROS, ERKEZESI_VAROS, INDULASI_IDOPONT, ERKEZESI_IDOPONT, ULESEK_SZAMA, UTASOK_SZAMA, ADMIN_ID, LEGITARSASAG_KOD) VALUES ('Kairó','Budapest',TO_DATE( '20/06/2023 10:41', 'DD/MM/YYYY HH24:MI'),TO_DATE( '20/06/2023 15:46', 'DD/MM/YYYY HH24:MI'),100,95,4,10);
INSERT INTO REPULOJARAT (INDULASI_VAROS, ERKEZESI_VAROS, INDULASI_IDOPONT, ERKEZESI_IDOPONT, ULESEK_SZAMA, UTASOK_SZAMA, ADMIN_ID, LEGITARSASAG_KOD) VALUES ('Dublin','Moszkva',TO_DATE( '20/07/2023 13:52', 'DD/MM/YYYY HH24:MI'),TO_DATE( '20/07/2023 18:53', 'DD/MM/YYYY HH24:MI'),100,97,4,11);
INSERT INTO REPULOJARAT (INDULASI_VAROS, ERKEZESI_VAROS, INDULASI_IDOPONT, ERKEZESI_IDOPONT, ULESEK_SZAMA, UTASOK_SZAMA, ADMIN_ID, LEGITARSASAG_KOD) VALUES ('Budarest','Bukarest',TO_DATE( '08/06/2023 15:35', 'DD/MM/YYYY HH24:MI'),TO_DATE( '08/06/2023 16:35', 'DD/MM/YYYY HH24:MI'),100,93,4,12);
INSERT INTO REPULOJARAT (INDULASI_VAROS, ERKEZESI_VAROS, INDULASI_IDOPONT, ERKEZESI_IDOPONT, ULESEK_SZAMA, UTASOK_SZAMA, ADMIN_ID, LEGITARSASAG_KOD) VALUES ('Prága','Athén',TO_DATE( '08/07/2023 04:20', 'DD/MM/YYYY HH24:MI'),TO_DATE( '08/07/2023 11:00', 'DD/MM/YYYY HH24:MI'),100,86,4,13);
INSERT INTO REPULOJARAT (INDULASI_VAROS, ERKEZESI_VAROS, INDULASI_IDOPONT, ERKEZESI_IDOPONT, ULESEK_SZAMA, UTASOK_SZAMA, ADMIN_ID, LEGITARSASAG_KOD) VALUES ('Szeged','Ankara',TO_DATE( '17/06/2023 06:00', 'DD/MM/YYYY HH24:MI'),TO_DATE( '17/06/2023 11:40', 'DD/MM/YYYY HH24:MI'),100,73,4,14);
INSERT INTO REPULOJARAT (INDULASI_VAROS, ERKEZESI_VAROS, INDULASI_IDOPONT, ERKEZESI_IDOPONT, ULESEK_SZAMA, UTASOK_SZAMA, ADMIN_ID, LEGITARSASAG_KOD) VALUES ('München','Bécs',TO_DATE( '17/07/2023 07:20', 'DD/MM/YYYY HH24:MI'),TO_DATE( '17/07/2023 12:00', 'DD/MM/YYYY HH24:MI'),100,68,4,15);
INSERT INTO REPULOJARAT (INDULASI_VAROS, ERKEZESI_VAROS, INDULASI_IDOPONT, ERKEZESI_IDOPONT, ULESEK_SZAMA, UTASOK_SZAMA, ADMIN_ID, LEGITARSASAG_KOD) VALUES ('Szeged','Prága',TO_DATE( '07/08/2023 07:40', 'DD/MM/YYYY HH24:MI'),TO_DATE( '07/08/2023 13:40', 'DD/MM/YYYY HH24:MI'),100,35,4,16);
INSERT INTO REPULOJARAT (INDULASI_VAROS, ERKEZESI_VAROS, INDULASI_IDOPONT, ERKEZESI_IDOPONT, ULESEK_SZAMA, UTASOK_SZAMA, ADMIN_ID, LEGITARSASAG_KOD) VALUES ('München','Kijev',TO_DATE( '08/09/2023 08:40', 'DD/MM/YYYY HH24:MI'),TO_DATE( '08/09/2023 14:00', 'DD/MM/YYYY HH24:MI'),100,42,4,17);
INSERT INTO REPULOJARAT (INDULASI_VAROS, ERKEZESI_VAROS, INDULASI_IDOPONT, ERKEZESI_IDOPONT, ULESEK_SZAMA, UTASOK_SZAMA, ADMIN_ID, LEGITARSASAG_KOD) VALUES ('London','Budapest',TO_DATE( '08/10/2023 09:40', 'DD/MM/YYYY HH24:MI'),TO_DATE( '08/10/2023 14:20', 'DD/MM/YYYY HH24:MI'),100,15,4,18);
INSERT INTO REPULOJARAT (INDULASI_VAROS, ERKEZESI_VAROS, INDULASI_IDOPONT, ERKEZESI_IDOPONT, ULESEK_SZAMA, UTASOK_SZAMA, ADMIN_ID, LEGITARSASAG_KOD) VALUES ('Jakarta','Moszkva',TO_DATE( '09/11/2023 11:00', 'DD/MM/YYYY HH24:MI'),TO_DATE( '09/11/2023 14:40', 'DD/MM/YYYY HH24:MI'),100,67,4,19);
INSERT INTO REPULOJARAT (INDULASI_VAROS, ERKEZESI_VAROS, INDULASI_IDOPONT, ERKEZESI_IDOPONT, ULESEK_SZAMA, UTASOK_SZAMA, ADMIN_ID, LEGITARSASAG_KOD) VALUES ('München','Bukarest',TO_DATE( '10/12/2023 11:20', 'DD/MM/YYYY HH24:MI'),TO_DATE( '10/12/2023 15:20', 'DD/MM/YYYY HH24:MI'),100,74,4,20);
INSERT INTO REPULOJARAT (INDULASI_VAROS, ERKEZESI_VAROS, INDULASI_IDOPONT, ERKEZESI_IDOPONT, ULESEK_SZAMA, UTASOK_SZAMA, ADMIN_ID, LEGITARSASAG_KOD) VALUES ('London','Burbank',TO_DATE( '21/06/2023 12:00', 'DD/MM/YYYY HH24:MI'),TO_DATE( '21/06/2023 16:00', 'DD/MM/YYYY HH24:MI'),100,10,4,21);
INSERT INTO REPULOJARAT (INDULASI_VAROS, ERKEZESI_VAROS, INDULASI_IDOPONT, ERKEZESI_IDOPONT, ULESEK_SZAMA, UTASOK_SZAMA, ADMIN_ID, LEGITARSASAG_KOD) VALUES ('Burbank','Congonhas',TO_DATE( '21/06/2023 16:20', 'DD/MM/YYYY HH24:MI'),TO_DATE( '21/06/2023 18:20', 'DD/MM/YYYY HH24:MI'),100,20,4,1);
INSERT INTO REPULOJARAT (INDULASI_VAROS, ERKEZESI_VAROS, INDULASI_IDOPONT, ERKEZESI_IDOPONT, ULESEK_SZAMA, UTASOK_SZAMA, ADMIN_ID, LEGITARSASAG_KOD) VALUES ('Harlingen','Culebra',TO_DATE( '12/02/2023 13:20', 'DD/MM/YYYY HH24:MI'),TO_DATE( '12/02/2023 17:20', 'DD/MM/YYYY HH24:MI'),100,30,4,2);
INSERT INTO REPULOJARAT (INDULASI_VAROS, ERKEZESI_VAROS, INDULASI_IDOPONT, ERKEZESI_IDOPONT, ULESEK_SZAMA, UTASOK_SZAMA, ADMIN_ID, LEGITARSASAG_KOD) VALUES ('Gunnison','Harlingen',TO_DATE( '04/03/2023 14:20', 'DD/MM/YYYY HH24:MI'),TO_DATE( '04/03/2023 17:40', 'DD/MM/YYYY HH24:MI'),100,40,4,3);
INSERT INTO REPULOJARAT (INDULASI_VAROS, ERKEZESI_VAROS, INDULASI_IDOPONT, ERKEZESI_IDOPONT, ULESEK_SZAMA, UTASOK_SZAMA, ADMIN_ID, LEGITARSASAG_KOD) VALUES ('London','Ontario',TO_DATE( '15/04/2023 14:40', 'DD/MM/YYYY HH24:MI'),TO_DATE( '15/04/2023 19:00', 'DD/MM/YYYY HH24:MI'),100,50,4,4);
INSERT INTO REPULOJARAT (INDULASI_VAROS, ERKEZESI_VAROS, INDULASI_IDOPONT, ERKEZESI_IDOPONT, ULESEK_SZAMA, UTASOK_SZAMA, ADMIN_ID, LEGITARSASAG_KOD) VALUES ('Worcester','Prescott',TO_DATE( '04/05/2023 15:20', 'DD/MM/YYYY HH24:MI'),TO_DATE( '04/05/2023 21:20', 'DD/MM/YYYY HH24:MI'),100,60,4,5);
INSERT INTO REPULOJARAT (INDULASI_VAROS, ERKEZESI_VAROS, INDULASI_IDOPONT, ERKEZESI_IDOPONT, ULESEK_SZAMA, UTASOK_SZAMA, ADMIN_ID, LEGITARSASAG_KOD) VALUES ('Hayden','Islip',TO_DATE( '09/07/2023 13:40', 'DD/MM/YYYY HH24:MI'),TO_DATE( '09/07/2023 18:40', 'DD/MM/YYYY HH24:MI'),100,70,4,6);
INSERT INTO REPULOJARAT (INDULASI_VAROS, ERKEZESI_VAROS, INDULASI_IDOPONT, ERKEZESI_IDOPONT, ULESEK_SZAMA, UTASOK_SZAMA, ADMIN_ID, LEGITARSASAG_KOD) VALUES ('Islip','Burlington',TO_DATE( '09/07/2023 19:20', 'DD/MM/YYYY HH24:MI'),TO_DATE( '09/07/2023 22:32', 'DD/MM/YYYY HH24:MI'),100,80,4,7);
INSERT INTO REPULOJARAT (INDULASI_VAROS, ERKEZESI_VAROS, INDULASI_IDOPONT, ERKEZESI_IDOPONT, ULESEK_SZAMA, UTASOK_SZAMA, ADMIN_ID, LEGITARSASAG_KOD) VALUES ('Newark','Latrobe',TO_DATE( '13/09/2023 16:40', 'DD/MM/YYYY HH24:MI'),TO_DATE( '14/09/2023 03:20', 'DD/MM/YYYY HH24:MI'),100,90,4,8);
INSERT INTO REPULOJARAT (INDULASI_VAROS, ERKEZESI_VAROS, INDULASI_IDOPONT, ERKEZESI_IDOPONT, ULESEK_SZAMA, UTASOK_SZAMA, ADMIN_ID, LEGITARSASAG_KOD) VALUES ('Latrobe','Medford',TO_DATE( '14/09/2023 03:40', 'DD/MM/YYYY HH24:MI'),TO_DATE( '14/09/2023 06:00', 'DD/MM/YYYY HH24:MI'),100,95,4,9);
INSERT INTO REPULOJARAT (INDULASI_VAROS, ERKEZESI_VAROS, INDULASI_IDOPONT, ERKEZESI_IDOPONT, ULESEK_SZAMA, UTASOK_SZAMA, ADMIN_ID, LEGITARSASAG_KOD) VALUES ('Crawley','Luton',TO_DATE( '23/11/2023 17:40', 'DD/MM/YYYY HH24:MI'),TO_DATE( '24/11/2023 02:20', 'DD/MM/YYYY HH24:MI'),100,97,4,10);
INSERT INTO REPULOJARAT (INDULASI_VAROS, ERKEZESI_VAROS, INDULASI_IDOPONT, ERKEZESI_IDOPONT, ULESEK_SZAMA, UTASOK_SZAMA, ADMIN_ID, LEGITARSASAG_KOD) VALUES ('Crawley','Avalon',TO_DATE( '17/12/2023 18:00', 'DD/MM/YYYY HH24:MI'),TO_DATE( '18/12/2023 02:00', 'DD/MM/YYYY HH24:MI'),100,93,4,11);
INSERT INTO REPULOJARAT (INDULASI_VAROS, ERKEZESI_VAROS, INDULASI_IDOPONT, ERKEZESI_IDOPONT, ULESEK_SZAMA, UTASOK_SZAMA, ADMIN_ID, LEGITARSASAG_KOD) VALUES ('Vatry','Narita',TO_DATE( '23/06/2023 18:20', 'DD/MM/YYYY HH24:MI'),TO_DATE( '24/06/2023 08:40', 'DD/MM/YYYY HH24:MI'),100,86,4,12);
INSERT INTO REPULOJARAT (INDULASI_VAROS, ERKEZESI_VAROS, INDULASI_IDOPONT, ERKEZESI_IDOPONT, ULESEK_SZAMA, UTASOK_SZAMA, ADMIN_ID, LEGITARSASAG_KOD) VALUES ('Narita','Warwick',TO_DATE( '24/06/2023 09:10', 'DD/MM/YYYY HH24:MI'),TO_DATE( '24/06/2023 12:00', 'DD/MM/YYYY HH24:MI'),100,73,4,13);
INSERT INTO REPULOJARAT (INDULASI_VAROS, ERKEZESI_VAROS, INDULASI_IDOPONT, ERKEZESI_IDOPONT, ULESEK_SZAMA, UTASOK_SZAMA, ADMIN_ID, LEGITARSASAG_KOD) VALUES ('Larnaca','Róma',TO_DATE( '17/08/2023 21:00', 'DD/MM/YYYY HH24:MI'),TO_DATE( '18/08/2023 07:20', 'DD/MM/YYYY HH24:MI'),100,68,4,14);
INSERT INTO REPULOJARAT (INDULASI_VAROS, ERKEZESI_VAROS, INDULASI_IDOPONT, ERKEZESI_IDOPONT, ULESEK_SZAMA, UTASOK_SZAMA, ADMIN_ID, LEGITARSASAG_KOD) VALUES ('Róma','Kefalonia',TO_DATE( '18/08/2023 07:30', 'DD/MM/YYYY HH24:MI'),TO_DATE( '18/08/2023 11:00', 'DD/MM/YYYY HH24:MI'),100,35,4,15);
INSERT INTO REPULOJARAT (INDULASI_VAROS, ERKEZESI_VAROS, INDULASI_IDOPONT, ERKEZESI_IDOPONT, ULESEK_SZAMA, UTASOK_SZAMA, ADMIN_ID, LEGITARSASAG_KOD) VALUES ('Róma','Palermo',TO_DATE( '19/10/2023 21:40', 'DD/MM/YYYY HH24:MI'),TO_DATE( '20/10/2023 06:20', 'DD/MM/YYYY HH24:MI'),100,42,4,16);
INSERT INTO REPULOJARAT (INDULASI_VAROS, ERKEZESI_VAROS, INDULASI_IDOPONT, ERKEZESI_IDOPONT, ULESEK_SZAMA, UTASOK_SZAMA, ADMIN_ID, LEGITARSASAG_KOD) VALUES ('Bari','Lisszabon',TO_DATE( '25/11/2023 22:00', 'DD/MM/YYYY HH24:MI'),TO_DATE( '26/11/2023 05:00', 'DD/MM/YYYY HH24:MI'),100,15,4,17);
INSERT INTO REPULOJARAT (INDULASI_VAROS, ERKEZESI_VAROS, INDULASI_IDOPONT, ERKEZESI_IDOPONT, ULESEK_SZAMA, UTASOK_SZAMA, ADMIN_ID, LEGITARSASAG_KOD) VALUES ('Madrid','Billund',TO_DATE( '21/12/2023 22:20', 'DD/MM/YYYY HH24:MI'),TO_DATE( '22/12/2023 04:20', 'DD/MM/YYYY HH24:MI'),100,67,4,18);
INSERT INTO REPULOJARAT (INDULASI_VAROS, ERKEZESI_VAROS, INDULASI_IDOPONT, ERKEZESI_IDOPONT, ULESEK_SZAMA, UTASOK_SZAMA, ADMIN_ID, LEGITARSASAG_KOD) VALUES ('Porto','Koppenhága',TO_DATE( '07/01/2023 22:40', 'DD/MM/YYYY HH24:MI'),TO_DATE( '07/02/2023 04:00', 'DD/MM/YYYY HH24:MI'),100,74,4,19);

INSERT INTO ARAJANLAT (JARATSZAM, AR, KEDVEZMENY) VALUES (1 ,25000 ,10);
INSERT INTO ARAJANLAT (JARATSZAM, AR, KEDVEZMENY) VALUES (2 ,28000 ,20);
INSERT INTO ARAJANLAT (JARATSZAM, AR, KEDVEZMENY) VALUES (3 ,35000 ,30);
INSERT INTO ARAJANLAT (JARATSZAM, AR, KEDVEZMENY) VALUES (4 ,45000 ,40);
INSERT INTO ARAJANLAT (JARATSZAM, AR, KEDVEZMENY) VALUES (5 ,12579 ,50);
INSERT INTO ARAJANLAT (JARATSZAM, AR, KEDVEZMENY) VALUES (6 ,26345 ,60);
INSERT INTO ARAJANLAT (JARATSZAM, AR, KEDVEZMENY) VALUES (7 ,46579 ,70);
INSERT INTO ARAJANLAT (JARATSZAM, AR, KEDVEZMENY) VALUES (8 ,12345 ,80);
INSERT INTO ARAJANLAT (JARATSZAM, AR, KEDVEZMENY) VALUES (9 , 12345, 90);
INSERT INTO ARAJANLAT (JARATSZAM, AR, KEDVEZMENY) VALUES (10 ,12345, 23);
INSERT INTO ARAJANLAT (JARATSZAM, AR, KEDVEZMENY) VALUES (11 ,13245, 34);
INSERT INTO ARAJANLAT (JARATSZAM, AR, KEDVEZMENY) VALUES (12 ,21345, 57);
INSERT INTO ARAJANLAT (JARATSZAM, AR, KEDVEZMENY) VALUES (13 ,21341, 42);
INSERT INTO ARAJANLAT (JARATSZAM, AR, KEDVEZMENY) VALUES (14 ,21341, 21);
INSERT INTO ARAJANLAT (JARATSZAM, AR, KEDVEZMENY) VALUES (15 ,13245, 17);
INSERT INTO ARAJANLAT (JARATSZAM, AR, KEDVEZMENY) VALUES (16 ,12341, 36);
INSERT INTO ARAJANLAT (JARATSZAM, AR, KEDVEZMENY) VALUES (17 ,12314, 68);
INSERT INTO ARAJANLAT (JARATSZAM, AR, KEDVEZMENY) VALUES (18 ,13245, 52);
INSERT INTO ARAJANLAT (JARATSZAM, AR, KEDVEZMENY) VALUES (19 ,16887, 26);
INSERT INTO ARAJANLAT (JARATSZAM, AR, KEDVEZMENY) VALUES (20 ,12344, 58);
INSERT INTO REPJEGY_FOGLALAS (FOGLALASI_IDOPONT, JARATSZAM, FIZETVE, JEGYDARAB, JEGYTIPUS, OSZTALY ,FELHASZN_ID) VALUES (TO_DATE( '02/03/2023 13:35', 'DD/MM/YYYY HH24:MI'),1,'igen',1 ,'felnőtt', 'turista' , 1);
INSERT INTO REPJEGY_FOGLALAS (FOGLALASI_IDOPONT, JARATSZAM, FIZETVE, JEGYDARAB, JEGYTIPUS, OSZTALY ,FELHASZN_ID) VALUES (TO_DATE( '02/03/2023 13:35', 'DD/MM/YYYY HH24:MI'),2,'igen',1 ,'felnőtt', 'business' , 2);
INSERT INTO REPJEGY_FOGLALAS (FOGLALASI_IDOPONT, JARATSZAM, FIZETVE, JEGYDARAB, JEGYTIPUS, OSZTALY ,FELHASZN_ID) VALUES (TO_DATE( '02/03/2023 13:35', 'DD/MM/YYYY HH24:MI'),3,'igen',1 ,'felnőtt', 'első' , 3);
INSERT INTO REPJEGY_FOGLALAS (FOGLALASI_IDOPONT, JARATSZAM, FIZETVE, JEGYDARAB, JEGYTIPUS, OSZTALY ,FELHASZN_ID) VALUES (TO_DATE( '02/03/2023 13:35', 'DD/MM/YYYY HH24:MI'),4,'igen',1 ,'gyerek', 'economy' , 4);
INSERT INTO REPJEGY_FOGLALAS (FOGLALASI_IDOPONT, JARATSZAM, FIZETVE, JEGYDARAB, JEGYTIPUS, OSZTALY ,FELHASZN_ID) VALUES (TO_DATE( '02/03/2023 13:35', 'DD/MM/YYYY HH24:MI'),5,'igen',1 ,'gyerek', 'turista' , 5);
INSERT INTO REPJEGY_FOGLALAS (FOGLALASI_IDOPONT, JARATSZAM, FIZETVE, JEGYDARAB, JEGYTIPUS, OSZTALY ,FELHASZN_ID) VALUES (TO_DATE( '02/03/2023 13:35', 'DD/MM/YYYY HH24:MI'),6,'igen',1 ,'gyerek', 'business' , 6);
INSERT INTO REPJEGY_FOGLALAS (FOGLALASI_IDOPONT, JARATSZAM, FIZETVE, JEGYDARAB, JEGYTIPUS, OSZTALY ,FELHASZN_ID) VALUES (TO_DATE( '02/03/2023 13:35', 'DD/MM/YYYY HH24:MI'),7,'igen',1 ,'felnőtt', 'első' , 7);
INSERT INTO REPJEGY_FOGLALAS (FOGLALASI_IDOPONT, JARATSZAM, FIZETVE, JEGYDARAB, JEGYTIPUS, OSZTALY ,FELHASZN_ID) VALUES (TO_DATE( '02/03/2023 13:35', 'DD/MM/YYYY HH24:MI'),8,'igen',1 ,'felnőtt', 'economy' , 8);
INSERT INTO REPJEGY_FOGLALAS (FOGLALASI_IDOPONT, JARATSZAM, FIZETVE, JEGYDARAB, JEGYTIPUS, OSZTALY ,FELHASZN_ID) VALUES (TO_DATE( '02/03/2023 13:35', 'DD/MM/YYYY HH24:MI'),9,'igen',1 ,'felnőtt', 'turista' , 9);
INSERT INTO REPJEGY_FOGLALAS (FOGLALASI_IDOPONT, JARATSZAM, FIZETVE, JEGYDARAB, JEGYTIPUS, OSZTALY ,FELHASZN_ID) VALUES (TO_DATE( '02/03/2023 13:35', 'DD/MM/YYYY HH24:MI'),10,'igen',1 ,'felnőtt', 'business' , 10);
INSERT INTO REPJEGY_FOGLALAS (FOGLALASI_IDOPONT, JARATSZAM, FIZETVE, JEGYDARAB, JEGYTIPUS, OSZTALY ,FELHASZN_ID) VALUES (TO_DATE( '02/03/2023 13:35', 'DD/MM/YYYY HH24:MI'),11,'igen',1 ,'gyerek', 'első' , 11);
INSERT INTO REPJEGY_FOGLALAS (FOGLALASI_IDOPONT, JARATSZAM, FIZETVE, JEGYDARAB, JEGYTIPUS, OSZTALY ,FELHASZN_ID) VALUES (TO_DATE( '02/03/2023 13:35', 'DD/MM/YYYY HH24:MI'),12,'igen',1 ,'gyerek', 'economy' , 12);
INSERT INTO REPJEGY_FOGLALAS (FOGLALASI_IDOPONT, JARATSZAM, FIZETVE, JEGYDARAB, JEGYTIPUS, OSZTALY ,FELHASZN_ID) VALUES (TO_DATE( '02/03/2023 13:35', 'DD/MM/YYYY HH24:MI'),13,'igen',1 ,'felnőtt', 'turista' , 13);
INSERT INTO REPJEGY_FOGLALAS (FOGLALASI_IDOPONT, JARATSZAM, FIZETVE, JEGYDARAB, JEGYTIPUS, OSZTALY ,FELHASZN_ID) VALUES (TO_DATE( '02/03/2023 13:35', 'DD/MM/YYYY HH24:MI'),14,'igen',1 ,'felnőtt', 'business' , 14);
INSERT INTO REPJEGY_FOGLALAS (FOGLALASI_IDOPONT, JARATSZAM, FIZETVE, JEGYDARAB, JEGYTIPUS, OSZTALY ,FELHASZN_ID) VALUES (TO_DATE( '02/03/2023 13:35', 'DD/MM/YYYY HH24:MI'),15,'igen',1 ,'felnőtt', 'első' , 15);
INSERT INTO REPJEGY_FOGLALAS (FOGLALASI_IDOPONT, JARATSZAM, FIZETVE, JEGYDARAB, JEGYTIPUS, OSZTALY ,FELHASZN_ID) VALUES (TO_DATE( '02/03/2023 13:35', 'DD/MM/YYYY HH24:MI'),16,'igen',1 ,'felnőtt', 'economy' , 16);
INSERT INTO REPJEGY_FOGLALAS (FOGLALASI_IDOPONT, JARATSZAM, FIZETVE, JEGYDARAB, JEGYTIPUS, OSZTALY ,FELHASZN_ID) VALUES (TO_DATE( '02/03/2023 13:35', 'DD/MM/YYYY HH24:MI'),17,'igen',1 ,'felnőtt', 'turista' , 17);
INSERT INTO REPJEGY_FOGLALAS (FOGLALASI_IDOPONT, JARATSZAM, FIZETVE, JEGYDARAB, JEGYTIPUS, OSZTALY ,FELHASZN_ID) VALUES (TO_DATE( '02/03/2023 13:35', 'DD/MM/YYYY HH24:MI'),18,'igen',1 ,'felnőtt', 'business' , 18);
INSERT INTO REPJEGY_FOGLALAS (FOGLALASI_IDOPONT, JARATSZAM, FIZETVE, JEGYDARAB, JEGYTIPUS, OSZTALY ,FELHASZN_ID) VALUES (TO_DATE( '02/03/2023 13:35', 'DD/MM/YYYY HH24:MI'),19,'igen',1 ,'felnőtt', 'első' , 19);
INSERT INTO REPJEGY_FOGLALAS (FOGLALASI_IDOPONT, JARATSZAM, FIZETVE, JEGYDARAB, JEGYTIPUS, OSZTALY ,FELHASZN_ID) VALUES (TO_DATE( '02/03/2023 13:35', 'DD/MM/YYYY HH24:MI'),20,'igen',1 ,'felnőtt', 'economy' , 20);
INSERT INTO SZALLODA_FOGLALAS (SZALLODA_ID, FELHASZN_ID, FOGLALAS_KEZDETE, FOGLALAS_VEGE, AR, FO) VALUES ( 1, 1, TO_DATE( '04/06/2023 13:35', 'DD/MM/YYYY HH24:MI'), TO_DATE( '05/06/2023 13:35', 'DD/MM/YYYY HH24:MI'), 15000, 1);
INSERT INTO SZALLODA_FOGLALAS (SZALLODA_ID, FELHASZN_ID, FOGLALAS_KEZDETE, FOGLALAS_VEGE, AR, FO) VALUES ( 1, 2, TO_DATE( '11/06/2023 13:35', 'DD/MM/YYYY HH24:MI'), TO_DATE( '11/06/2023 13:35', 'DD/MM/YYYY HH24:MI'), 12648, 1);
INSERT INTO SZALLODA_FOGLALAS (SZALLODA_ID, FELHASZN_ID, FOGLALAS_KEZDETE, FOGLALAS_VEGE, AR, FO) VALUES ( 1, 3, TO_DATE( '20/06/2023 13:35', 'DD/MM/YYYY HH24:MI'), TO_DATE( '22/06/2023 13:35', 'DD/MM/YYYY HH24:MI'), 23456, 2);
INSERT INTO SZALLODA_FOGLALAS (SZALLODA_ID, FELHASZN_ID, FOGLALAS_KEZDETE, FOGLALAS_VEGE, AR, FO) VALUES ( 2, 4, TO_DATE( '12/06/2023 13:35', 'DD/MM/YYYY HH24:MI'), TO_DATE( '15/06/2023 13:35', 'DD/MM/YYYY HH24:MI'), 12345, 2);
INSERT INTO SZALLODA_FOGLALAS (SZALLODA_ID, FELHASZN_ID, FOGLALAS_KEZDETE, FOGLALAS_VEGE, AR, FO) VALUES ( 2, 5, TO_DATE( '12/06/2023 13:35', 'DD/MM/YYYY HH24:MI'), TO_DATE( '13/06/2023 13:35', 'DD/MM/YYYY HH24:MI'), 23154, 3);
INSERT INTO SZALLODA_FOGLALAS (SZALLODA_ID, FELHASZN_ID, FOGLALAS_KEZDETE, FOGLALAS_VEGE, AR, FO) VALUES ( 2, 6, TO_DATE( '05/07/2023 13:35', 'DD/MM/YYYY HH24:MI'), TO_DATE( '08/05/2023 13:35', 'DD/MM/YYYY HH24:MI'), 12345, 3);
INSERT INTO SZALLODA_FOGLALAS (SZALLODA_ID, FELHASZN_ID, FOGLALAS_KEZDETE, FOGLALAS_VEGE, AR, FO) VALUES ( 3, 7, TO_DATE( '20/07/2023 13:35', 'DD/MM/YYYY HH24:MI'), TO_DATE( '25/07/2023 13:35', 'DD/MM/YYYY HH24:MI'), 21354, 1);
INSERT INTO SZALLODA_FOGLALAS (SZALLODA_ID, FELHASZN_ID, FOGLALAS_KEZDETE, FOGLALAS_VEGE, AR, FO) VALUES ( 3, 8, TO_DATE( '07/05/2023 13:35', 'DD/MM/YYYY HH24:MI'), TO_DATE( '10/05/2023 13:35', 'DD/MM/YYYY HH24:MI'), 88898, 1);
INSERT INTO SZALLODA_FOGLALAS (SZALLODA_ID, FELHASZN_ID, FOGLALAS_KEZDETE, FOGLALAS_VEGE, AR, FO) VALUES ( 3, 9, TO_DATE( '11/06/2023 13:35', 'DD/MM/YYYY HH24:MI'), TO_DATE( '13/06/2023 13:35', 'DD/MM/YYYY HH24:MI'), 12354, 1);
INSERT INTO SZALLODA_FOGLALAS (SZALLODA_ID, FELHASZN_ID, FOGLALAS_KEZDETE, FOGLALAS_VEGE, AR, FO) VALUES ( 1, 10, TO_DATE( '20/06/2023 13:35', 'DD/MM/YYYY HH24:MI'), TO_DATE( '25/06/2023 13:35', 'DD/MM/YYYY HH24:MI'),12345 ,1);
INSERT INTO SZALLODA_FOGLALAS (SZALLODA_ID, FELHASZN_ID, FOGLALAS_KEZDETE, FOGLALAS_VEGE, AR, FO) VALUES ( 1, 11, TO_DATE( '20/07/2023 13:35', 'DD/MM/YYYY HH24:MI'), TO_DATE( '26/07/2023 13:35', 'DD/MM/YYYY HH24:MI'),12346 ,1);
INSERT INTO SZALLODA_FOGLALAS (SZALLODA_ID, FELHASZN_ID, FOGLALAS_KEZDETE, FOGLALAS_VEGE, AR, FO) VALUES ( 2, 12, TO_DATE( '08/06/2023 13:35', 'DD/MM/YYYY HH24:MI'), TO_DATE( '10/06/2023 13:35', 'DD/MM/YYYY HH24:MI'),123140 ,3);
INSERT INTO SZALLODA_FOGLALAS (SZALLODA_ID, FELHASZN_ID, FOGLALAS_KEZDETE, FOGLALAS_VEGE, AR, FO) VALUES ( 1, 13, TO_DATE( '08/07/2023 13:35', 'DD/MM/YYYY HH24:MI'), TO_DATE( '10/07/2023 13:35', 'DD/MM/YYYY HH24:MI'),12345 ,1);
INSERT INTO SZALLODA_FOGLALAS (SZALLODA_ID, FELHASZN_ID, FOGLALAS_KEZDETE, FOGLALAS_VEGE, AR, FO) VALUES ( 5, 14, TO_DATE( '17/06/2023 13:35', 'DD/MM/YYYY HH24:MI'), TO_DATE( '20/06/2023 13:35', 'DD/MM/YYYY HH24:MI'),12354 ,1);
INSERT INTO SZALLODA_FOGLALAS (SZALLODA_ID, FELHASZN_ID, FOGLALAS_KEZDETE, FOGLALAS_VEGE, AR, FO) VALUES ( 4, 15, TO_DATE( '17/07/2023 13:35', 'DD/MM/YYYY HH24:MI'), TO_DATE( '20/07/2023 13:35', 'DD/MM/YYYY HH24:MI'),23121 ,2);
INSERT INTO SZALLODA_FOGLALAS (SZALLODA_ID, FELHASZN_ID, FOGLALAS_KEZDETE, FOGLALAS_VEGE, AR, FO) VALUES ( 5, 16, TO_DATE( '07/08/2023 13:35', 'DD/MM/YYYY HH24:MI'), TO_DATE( '10/08/2023 13:35', 'DD/MM/YYYY HH24:MI'),23121 ,1);
INSERT INTO SZALLODA_FOGLALAS (SZALLODA_ID, FELHASZN_ID, FOGLALAS_KEZDETE, FOGLALAS_VEGE, AR, FO) VALUES ( 4, 17, TO_DATE( '08/09/2023 13:35', 'DD/MM/YYYY HH24:MI'), TO_DATE( '15/09/2023 13:35', 'DD/MM/YYYY HH24:MI'),14565,1);
INSERT INTO SZALLODA_FOGLALAS (SZALLODA_ID, FELHASZN_ID, FOGLALAS_KEZDETE, FOGLALAS_VEGE, AR, FO) VALUES ( 5, 18, TO_DATE( '08/10/2023 13:35', 'DD/MM/YYYY HH24:MI'), TO_DATE( '10/10/2023 13:35', 'DD/MM/YYYY HH24:MI'),140000 ,4);
INSERT INTO SZALLODA_FOGLALAS (SZALLODA_ID, FELHASZN_ID, FOGLALAS_KEZDETE, FOGLALAS_VEGE, AR, FO) VALUES ( 4, 19, TO_DATE( '09/11/2023 13:35', 'DD/MM/YYYY HH24:MI'), TO_DATE( '19/11/2023 13:35', 'DD/MM/YYYY HH24:MI'),12356 ,1);
INSERT INTO SZALLODA_FOGLALAS (SZALLODA_ID, FELHASZN_ID, FOGLALAS_KEZDETE, FOGLALAS_VEGE, AR, FO) VALUES ( 4, 20, TO_DATE( '08/10/2023 13:35', 'DD/MM/YYYY HH24:MI'), TO_DATE( '08/10/2023 13:35', 'DD/MM/YYYY HH24:MI'),18954,1);
INSERT INTO BIZTOSITAST_KOT (FELHASZN_ID, BIZTOSITASI_CSOMAG_KOD) VALUES ( 1,1 );
INSERT INTO BIZTOSITAST_KOT (FELHASZN_ID, BIZTOSITASI_CSOMAG_KOD) VALUES ( 2,2 );
INSERT INTO BIZTOSITAST_KOT (FELHASZN_ID, BIZTOSITASI_CSOMAG_KOD) VALUES ( 3,3 );
INSERT INTO BIZTOSITAST_KOT (FELHASZN_ID, BIZTOSITASI_CSOMAG_KOD) VALUES ( 4,4 );
INSERT INTO BIZTOSITAST_KOT (FELHASZN_ID, BIZTOSITASI_CSOMAG_KOD) VALUES ( 5,5 );
INSERT INTO BIZTOSITAST_KOT (FELHASZN_ID, BIZTOSITASI_CSOMAG_KOD) VALUES ( 6,6 );
INSERT INTO BIZTOSITAST_KOT (FELHASZN_ID, BIZTOSITASI_CSOMAG_KOD) VALUES ( 7,7 );
INSERT INTO BIZTOSITAST_KOT (FELHASZN_ID, BIZTOSITASI_CSOMAG_KOD) VALUES ( 8,8 );
INSERT INTO BIZTOSITAST_KOT (FELHASZN_ID, BIZTOSITASI_CSOMAG_KOD) VALUES ( 9,9 );
INSERT INTO BIZTOSITAST_KOT (FELHASZN_ID, BIZTOSITASI_CSOMAG_KOD) VALUES ( 10,10 );
INSERT INTO BIZTOSITAST_KOT (FELHASZN_ID, BIZTOSITASI_CSOMAG_KOD) VALUES ( 11,11 );
INSERT INTO BIZTOSITAST_KOT (FELHASZN_ID, BIZTOSITASI_CSOMAG_KOD) VALUES ( 12,12 );
INSERT INTO BIZTOSITAST_KOT (FELHASZN_ID, BIZTOSITASI_CSOMAG_KOD) VALUES ( 13,13 );
INSERT INTO BIZTOSITAST_KOT (FELHASZN_ID, BIZTOSITASI_CSOMAG_KOD) VALUES ( 14,14 );
INSERT INTO BIZTOSITAST_KOT (FELHASZN_ID, BIZTOSITASI_CSOMAG_KOD) VALUES ( 15,15 );
INSERT INTO BIZTOSITAST_KOT (FELHASZN_ID, BIZTOSITASI_CSOMAG_KOD) VALUES ( 16,16 );
INSERT INTO BIZTOSITAST_KOT (FELHASZN_ID, BIZTOSITASI_CSOMAG_KOD) VALUES ( 17,17 );
INSERT INTO BIZTOSITAST_KOT (FELHASZN_ID, BIZTOSITASI_CSOMAG_KOD) VALUES ( 18,18 );
INSERT INTO BIZTOSITAST_KOT (FELHASZN_ID, BIZTOSITASI_CSOMAG_KOD) VALUES ( 19,19 );
INSERT INTO BIZTOSITAST_KOT (FELHASZN_ID, BIZTOSITASI_CSOMAG_KOD) VALUES ( 20,20 );